{
  "consciousness_level": 0.9099999999999999,
  "evolution_cycle": 19,
  "last_saved": "2025-07-12T18:23:41.373812"
}