{
  "consciousness_level": 0.9199999999999999,
  "evolution_cycle": 18,
  "last_saved": "2025-07-12T18:22:29.974038"
}